image_url,species_guess,scientific_name,common_name,iconic_taxon_name,taxon_order_name,taxon_family_name,taxon_genus_name,taxon_species_name
https://static.inaturalist.org/photos/2187438/medium.JPG?1437956261,Agelenidae,Agelenidae,Funnel Weavers,Arachnida,Araneae,Agelenidae,,
https://static.inaturalist.org/photos/5950090/medium.jpeg?1483503172,Arachnids,Atrax robustus,Sydney Funnel-web Spider,Arachnida,Araneae,Atracidae,Atrax,Atrax robustus
https://static.inaturalist.org/photos/9751074/medium.jpg?1502681896,Sydney Funnel-Web,Atrax robustus,Sydney Funnel-web Spider,Arachnida,Araneae,Atracidae,Atrax,Atrax robustus
https://static.inaturalist.org/photos/14394021/medium.jpeg?1521804608,Atrax,Atrax,,Arachnida,Araneae,Atracidae,Atrax,
https://static.inaturalist.org/photos/14665325/medium.jpeg?1522533479,Atrax,Atrax,,Arachnida,Araneae,Atracidae,Atrax,
https://static.inaturalist.org/photos/15302875/medium.jpeg?1523692342,Sydney Funnel-Web,Atrax robustus,Sydney Funnel-web Spider,Arachnida,Araneae,Atracidae,Atrax,Atrax robustus
https://static.inaturalist.org/photos/21761795/medium.jpeg?1532242177,Sydney Funnel-Web,Atrax robustus,Sydney Funnel-web Spider,Arachnida,Araneae,Atracidae,Atrax,Atrax robustus
https://static.inaturalist.org/photos/29304725/medium.jpg?1545192024,Sydney Funnel-Web,Atrax robustus,Sydney Funnel-web Spider,Arachnida,Araneae,Atracidae,Atrax,Atrax robustus
https://static.inaturalist.org/photos/31204463/medium.jpg?1549677327,,Atrax robustus,Sydney Funnel-web Spider,Arachnida,Araneae,Atracidae,Atrax,Atrax robustus
https://static.inaturalist.org/photos/31550917/medium.jpg?1550447654,,Atrax robustus,Sydney Funnel-web Spider,Arachnida,Araneae,Atracidae,Atrax,Atrax robustus
https://static.inaturalist.org/photos/33235704/medium.jpeg?1553248102,Sydney Funnel-web Spider,Atrax robustus,Sydney Funnel-web Spider,Arachnida,Araneae,Atracidae,Atrax,Atrax robustus
