<?xml version="1.0" encoding="utf-8"?>
<eml:eml xmlns:eml="eml://ecoinformatics.org/eml-2.1.1" xmlns:xsi="http://www.w3.org/2001/XMLSchema-instance"
         xsi:schemaLocation="eml://ecoinformatics.org/eml-2.1.1 http://rs.gbif.org/schema/eml-gbif-profile/1.1/eml.xsd"
        packageId="62ce31e7-c3b5-477a-b97b-32d040ccaecc"  system="http://gbif.org" scope="system"
  xml:lang="en">

<dataset>
      <alternateIdentifier>10.15468/h9eivu</alternateIdentifier>
        <alternateIdentifier>https://collections.ala.org.au/public/show/dr457</alternateIdentifier>
        <alternateIdentifier>ec6ba940-d153-3c14-8294-dfc0385717a6</alternateIdentifier>
        <alternateIdentifier>http://collections.ala.org.au/public/show/dr457</alternateIdentifier>
        <alternateIdentifier>62ce31e7-c3b5-477a-b97b-32d040ccaecc</alternateIdentifier>
        <alternateIdentifier>4d798a29-e24a-3119-8c4e-0ba763f6fe58</alternateIdentifier>
        <alternateIdentifier>595039da-15c0-3eb9-be21-687f8ef7219d</alternateIdentifier>
    <title>Auswildlife</title>
    <creator>
<organizationName>Auswildlife</organizationName><onlineUrl>http://www.auswildlife.com/</onlineUrl>    </creator>
    <metadataProvider>
<organizationName>Auswildlife</organizationName><onlineUrl>http://www.auswildlife.com/</onlineUrl>    </metadataProvider>
    <associatedParty>
<organizationName>Atlas of Living Australia</organizationName>    <address>
<deliveryPoint>CSIRO Ecosystems Services</deliveryPoint><city>Canberra</city><administrativeArea>ACT</administrativeArea><postalCode>2601</postalCode><country>AUSTRALIA</country>    </address>
<electronicMailAddress>info@ala.org.au</electronicMailAddress>    <role>DISTRIBUTOR</role>
    </associatedParty>
      <pubDate>
      2018-10-11
      </pubDate>
    <language>ENGLISH</language>
    <abstract>
        <para>A website showing Bruce Thomson&amp;#39;s personal interest in Australian Wildlife photography.</para>
    </abstract>
      <intellectualRights>
        <para>This work is licensed under a <ulink url="http://creativecommons.org/licenses/by-nc/4.0/legalcode"><citetitle>Creative Commons Attribution Non Commercial (CC-BY-NC) 4.0 License</citetitle></ulink>.</para>
      </intellectualRights>
      <distribution scope="document">
          <online>
              <url function="information">https://collections.ala.org.au/public/show/dr457</url>
          </online>
      </distribution>
      <contact>
    <individualName>
<givenName>Bruce</givenName>          <surName>Tomson</surName>
    </individualName>
<positionName>editor</positionName><electronicMailAddress>bruce@auswildlife.com</electronicMailAddress>      </contact>
      <methods>
      </methods>

</dataset>

<additionalMetadata>
    <metadata>
      <gbif>
        <dateStamp>2019-04-08T04:51:58Z</dateStamp>
      <citation>Atlas of Living Australia (2018). Auswildlife. Occurrence dataset https://doi.org/10.15468/h9eivu accessed via GBIF.org on 2019-04-08.</citation>
        </gbif>
    </metadata>
</additionalMetadata>

</eml:eml>
