<?xml version="1.0" encoding="utf-8"?>
<eml:eml xmlns:eml="eml://ecoinformatics.org/eml-2.1.1" xmlns:xsi="http://www.w3.org/2001/XMLSchema-instance"
         xsi:schemaLocation="eml://ecoinformatics.org/eml-2.1.1 http://rs.gbif.org/schema/eml-gbif-profile/1.1/eml.xsd"
        packageId="e3ce628e-9683-4af7-b7a9-47eef785d3bb"  system="http://gbif.org" scope="system"
  xml:lang="en">

<dataset>
      <alternateIdentifier>10.15468/slqqt8</alternateIdentifier>
        <alternateIdentifier>https://collections.ala.org.au/public/show/dr1902</alternateIdentifier>
        <alternateIdentifier>44cb7442-cdcc-35b4-9d01-9f4715db3637</alternateIdentifier>
        <alternateIdentifier>http://collections.ala.org.au/public/show/dr1902</alternateIdentifier>
        <alternateIdentifier>e3ce628e-9683-4af7-b7a9-47eef785d3bb</alternateIdentifier>
        <alternateIdentifier>a034abf2-d161-329e-9a17-96bed567d828</alternateIdentifier>
        <alternateIdentifier>ab0ed58a-2264-32d9-b510-531ce9173806</alternateIdentifier>
    <title>Questagame weekly feed</title>
    <creator>
<organizationName>Questagame</organizationName>    </creator>
    <metadataProvider>
<organizationName>Questagame</organizationName>    </metadataProvider>
    <associatedParty>
<organizationName>Atlas of Living Australia</organizationName>    <address>
<deliveryPoint>CSIRO Ecosystems Services</deliveryPoint><city>Canberra</city><administrativeArea>ACT</administrativeArea><postalCode>2601</postalCode><country>AUSTRALIA</country>    </address>
<electronicMailAddress>info@ala.org.au</electronicMailAddress>    <role>DISTRIBUTOR</role>
    </associatedParty>
      <pubDate>
      2018-10-11
      </pubDate>
    <language>ENGLISH</language>
    <abstract>
        <para>QuestaGame is a free-to-play, mobile adventure game that gets players outdoors to discover, learn about and help protect biodiversity. Submit sightings of your local flora and fauna and receive fast, accurate information about what you&amp;#39;ve found. Join and create quests, earn gold, buy supplies, complete against other players, join clans, identify sightings, gain levels, build your collection, move up the leaderboard, all while helping to document and protect your local biodiversity. You can play it anywhere – be it in your backyard, a local park, a remote hiking trail. The game accepts both online and offline sightings, and includes data on over a million species. Your sightings are geo-tagged with location, date and time, so you’re not only mapping your conquests, but if you allow the game to share the data, you&amp;#39;re also helping researchers record and protect your local biodiversity. The game is fun, addictive and easy to play. If you&amp;#39;re a school teacher, you may want to try the school-based version of the game for your class: Ranger Vision (http://ranger.vision)</para>
    </abstract>
      <intellectualRights>
        <para>This work is licensed under a <ulink url="http://creativecommons.org/licenses/by-nc/4.0/legalcode"><citetitle>Creative Commons Attribution Non Commercial (CC-BY-NC) 4.0 License</citetitle></ulink>.</para>
      </intellectualRights>
      <distribution scope="document">
          <online>
              <url function="information">https://collections.ala.org.au/public/show/dr1902</url>
          </online>
      </distribution>
      <contact>
    <individualName>
<givenName>Andrew</givenName>          <surName>Robinson</surName>
    </individualName>
<positionName>editor</positionName><electronicMailAddress>andrew@questagame.com</electronicMailAddress>      </contact>
      <methods>
      </methods>

</dataset>

<additionalMetadata>
    <metadata>
      <gbif>
        <dateStamp>2019-04-08T04:51:58Z</dateStamp>
      <citation>Questagame (2018). Questagame weekly feed. Occurrence dataset https://doi.org/10.15468/slqqt8 accessed via GBIF.org on 2019-04-08.</citation>
              <resourceLogoUrl>https://collections.ala.org.au/data/dataResource/QuestaGameLogoSmall1.png</resourceLogoUrl>
        </gbif>
    </metadata>
</additionalMetadata>

</eml:eml>
